{"Time": {"mean": -1.4077069539472415e-16, "std": 1.0}, "V1": {"mean": 8.420046024939193e-19, "std": 1.0}, "V2": {"mean": -3.5863158995111375e-18, "std": 0.9999999999999999}, "V3": {"mean": 5.675734727921975e-18, "std": 1.0000000000000002}, "V4": {"mean": -2.0582334727629138e-18, "std": 1.0}, "V5": {"mean": -1.284836652694425e-17, "std": 1.0}, "V6": {"mean": 1.995862761467068e-18, "std": 0.9999999999999999}, "V7": {"mean": 1.166332301232318e-17, "std": 1.0}, "V8": {"mean": -6.143515062640819e-18, "std": 1.0}, "V9": {"mean": -2.7224815480636726e-17, "std": 1.0}, "V10": {"mean": -5.8004761505136664e-18, "std": 0.9999999999999998}, "V11": {"mean": -1.4844229288411318e-17, "std": 0.9999999999999999}, "V12": {"mean": 1.3097849372127634e-18, "std": 1.0}, "V13": {"mean": 7.484485355501504e-18, "std": 1.0000000000000002}, "V14": {"mean": -4.864915481075978e-18, "std": 1.0}, "V15": {"mean": -2.1954490376137748e-17, "std": 1.0}, "V16": {"mean": -2.432457740537989e-18, "std": 1.0}, "V17": {"mean": -8.357675313643347e-18, "std": 0.9999999999999999}, "V18": {"mean": -1.2037547280098254e-17, "std": 1.0}, "V19": {"mean": 1.7650911296724383e-17, "std": 0.9999999999999998}, "V20": {"mean": 4.428320502005057e-18, "std": 0.9999999999999999}, "V21": {"mean": -1.1226728033252257e-18, "std": 0.9999999999999999}, "V22": {"mean": 9.66746025085611e-19, "std": 0.9999999999999999}, "V23": {"mean": -1.06030209202938e-18, "std": 0.9999999999999999}, "V24": {"mean": 1.5249638911834317e-17, "std": 0.9999999999999999}, "V25": {"mean": -1.615401422562408e-17, "std": 1.0}, "V26": {"mean": -1.964677405819145e-18, "std": 0.9999999999999999}, "V27": {"mean": -1.528082426748224e-18, "std": 1.0}, "V28": {"mean": -6.424183263472125e-18, "std": 1.0}, "Amount": {"mean": -2.0208110459854063e-17, "std": 1.0000000000000002}}